nombre,total
Aimee,1
Alejandro,1
Alexandria,1
Alison,1
Anita,1
Brady,1
Brett,1
Brittany,1
Bruce,1
Bryan,1
Candice,1
Carl,1
Caroline,1
Cassidy,1
Chad,1
Chloe,1
Clarence,1
Clifford,1
Colleen,1
Collin,1
Corey,1
Dakota,1
Danny,1
Darrell,1
Darren,1
Debra,1
Duane,1
Eddie,1
Eileen,1
Emma,1
Faith,2
Fernando,1
Fred,1
Frederick,1
Gabriel,1
Geoffrey,1
Gerald,1
Gloria,1
Greg,1
Hunter,1
Jack,1
Janet,1
Jenna,1
Joanna,2
Joanne,1
Jordan,1
Kaitlyn,1
Karl,1
Kathleen,1
Kathy,1
Kelli,1
Kent,1
Kiara,1
Kristine,1
Latoya,1
Laurie,1
Leslie,1
Linda,1
Lori,1
Luis,1
Lynn,2
Makayla,1
Marcus,1
Maxwell,1
Michelle,1
Miranda,1
Natalie,1
Nicholas,1
Nina,1
Patricia,1
Phyllis,1
Preston,1
Ralph,1
Regina,1
Rhonda,1
Richard,1
Riley,1
Robin,1
Roy,1
Samuel,1
Shane,2
Shelley,1
Sherry,2
Sheryl,2
Stacie,1
Stefanie,1
Tammie,1
Tom,2
Tracey,1
Vernon,1
Virginia,1
Wayne,1
Yvonne,1
